,Clinton,Trump
1,0.480713614677,2.0802406453
11,1.78977853127,0.558728346847
150,0.849050055294,1.17778686164
150 billion,0.364552958764,2.74308567784
16,0.415717890169,2.40547742507
19 trillion,0.312881016756,3.19610313968
1990,1.0340975863,0.967026722858
1990 s,1.03266552785,0.96836775609
2,0.529664250981,1.88798847222
2008,4.42597123535,0.225939109593
21st,2.28148570486,0.43831087693
21st century,1.0,1.0
23 million,2.80017224074,0.357120889012
23 million new,1.30932069396,0.763754826922
5,0.576978927499,1.73316554962
50,0.213364280799,4.68682010061
500,0.46774260512,2.13792797375
6,0.360168048199,2.77648171458
9,2.01418749451,0.496478109773
9 11,1.48509426348,0.673357930598
a better,1.08367932455,0.922782208121
a chance,1.92224319053,0.520225539062
a chance to,0.969949060439,1.03098197708
a coalition,4.03387933659,0.247900325359
a couple,0.592283953046,1.68837935733
a couple of,0.501248392497,1.99501886683
a democrat in,1.45151873704,0.688933580036
a disaster,1.01601715473,0.984235350105
a family,0.977052376438,1.02348658487
a fortune,0.434272891036,2.30269957126
a friend,0.691359601466,1.44642527258
a future,2.48910437669,0.401750930722
a great,1.16295113086,0.859881359983
a great job,0.495356463249,2.0187482635
a guy,0.557592744435,1.79342362321
a hard look,1.43595959058,0.696398426919
a landslide,0.611946052321,1.63413097643
a little bit,0.826242506983,1.21029841911
a look,0.394729487373,2.53338053525
a look at,0.647030873257,1.5455213056
a lower,2.3265951793,0.429812633027
a massive,0.532940119655,1.87638341179
a national,0.958946304722,1.04281125552
a nice,0.5795273002,1.725544249
a path,0.982375839478,1.01794034402
a path to,1.86729337109,0.535534488303
a percentage,2.29165281914,0.436366273132
a percentage of,2.02388990157,0.494098023426
a plan,1.39122375086,0.71879163893
a plan to,2.46926221858,0.404979265659
a progressive,2.94299836919,0.339789518903
a public,0.73885287274,1.35344943073
a raise,5.46505866864,0.182980652292
a scientist,4.23114892921,0.236342425363
a senator,0.642534024832,1.55633781458
a speech,0.648638589229,1.54169057562
a tomorrow,1.27930513114,0.781674344654
a tremendous,0.666801910054,1.4996957641
a wall,0.288884254959,3.46159398733
a way,2.9457836494,0.339468243095
a woman,2.87797447348,0.347466598198
a woman s,1.09965162848,0.909378910649
a young,1.18971898033,0.840534627535
able,0.929246997647,1.0761401463
able to,1.43020817335,0.699198912882
about,1.29549874279,0.771903489341
about how,2.01607264745,0.496013871954
about how we,1.83456432757,0.545088544986
about it,0.517679555495,1.9316969144
about the future,2.03498434038,0.491404272827
about this,3.71409793352,0.269244381246
about what,4.97665430315,0.2009382085
about what we,0.65952943344,1.51623255809
access,1.83517357116,0.544907585701
access to,2.52597950641,0.395886030533
accountable,4.46356204069,0.224036316934
achieve,0.651941611725,1.53387969415
acknowledge,3.5714109976,0.280001377795
across,3.13339420383,0.319142736263
across america,1.1767136724,0.849824407974
across our,1.73162539353,0.577492108708
across our country,2.77897534477,0.359844862201
across the,1.15735641166,0.864038069802
across the country,0.752341560706,1.32918351481
act,2.00123477331,0.499691497138
addiction,3.01866037667,0.331272775079
ads,0.568402640162,1.75931624757
advanced,5.90781372966,0.169267354348
afford,3.13393452481,0.319087712932
afford to,0.97849849869,1.02197397476
affordable,4.93800460606,0.202510949215
affordable care,2.14803103368,0.465542622207
affordable care act,1.47311031839,0.678835785423
after,1.79279411951,0.557788531944
after 9,1.52003034197,0.657881604326
after the,1.42358297084,0.702452909652
against,2.58618286008,0.38667026042
against the,1.42314238343,0.70267038045
against the lgbt,1.06427421244,0.93960746987
against them,1.42427360887,0.702112286412
age,1.92970970423,0.518212660592
agenda,1.25962087005,0.793889672499
ago,0.460439137354,2.17183970447
ahead,1.31428379019,0.760870679122
ahead and,1.48337816654,0.67413692783
ahead and stay,1.23719699035,0.808278720201
ahead of us,1.49692830974,0.668034663712
all of these,0.628508261651,1.59106898193
all of you,1.76114654769,0.567811918498
all over,0.846244677963,1.18169133117
all over the,0.441966805955,2.26261336038
alliances,4.70485168929,0.212546551101
allowed,0.137025886285,7.29789112927
almost,0.174002985776,5.74702781989
already,2.18802000943,0.457034211612
also,1.60549767264,0.622859825362
also going,1.03412144758,0.967004409725
also have,3.08253684808,0.324408125282
also have to,2.66810781296,0.374797448268
also want,1.43111848963,0.698754161339
also want to,1.69912388368,0.588538604867
am,1.08366951614,0.922790560318
am so,1.69147455682,0.591200143076
amazing,0.394131996819,2.53722105303
america,2.5710865463,0.388940621792
america and,0.473565500538,2.11164030924
america great,1.80015531823,0.555507621967
america great again,0.744398872127,1.3433658183
america s,0.387839080912,2.57838894845
america that,2.44920204388,0.408296245913
america where,1.16972480373,0.854901936604
american,1.14039273493,0.876890889756
american families,2.14067753796,0.467141819479
american muslims,2.37816646208,0.420492011786
americans,2.63362858616,0.379704262497
americans and,1.00282579015,0.997182172437
americans are,1.36989963156,0.729980486865
americans to,0.862036042298,1.16004430318
an amazing,0.900426194372,1.11058519427
an america,1.55626059469,0.642565906643
an america where,1.85625358439,0.538719498462
an economy,1.49727073697,0.667881883555
an example,0.17625918142,5.67346331659
and,0.985131199962,1.01509321808
and across,2.76092531183,0.362197411033
and america,2.32716701486,0.429707018711
and around,1.10282640302,0.906761025364
and commander,1.35537276933,0.737804405275
and communities,1.00260082378,0.99740592296
and families,1.59005247903,0.628910060004
and for,0.742865607589,1.34613850713
and for all,2.24286492644,0.44585832531
and he,0.676177552505,1.47890150493
and help,1.56499536242,0.638979529276
and hillary,0.597900408766,1.67251934493
and i said,1.0057756929,0.99425747417
and i want,0.768178695813,1.30178043917
and i will,1.56884442905,0.637411830951
and let s,0.816143615268,1.22527454886
and others,1.74206872798,0.574030165366
and our,0.848593010139,1.17842120787
and she,0.83613623769,1.19597734786
and stay,1.84176139542,0.542958497493
and the,1.24873106153,0.800812945884
and their,1.33029486717,0.751713040979
and their families,1.50813166263,0.663072081026
and they,0.700068152212,1.42843235596
and they are,0.767990835683,1.30209887089
and they said,1.14473970378,0.873561034618
and to,1.0000450259,0.999954976131
and universities,2.07129383981,0.482790022729
and we need,1.43161118077,0.698513684044
and women,0.938041359903,1.06605107487
and work,1.49187993954,0.670295225171
and you,0.795730822429,1.25670637835
announced,0.523595292456,1.90987202217
answers,4.80134650142,0.208274907821
anybody,1.02695755695,0.97375007685
anymore,0.408382634615,2.44868394305
anyone,1.38985654107,0.719498718357
anything like,0.510560236936,1.95863274822
approach,5.39783623707,0.185259418048
arab,1.65497507999,0.604238705519
are a lot,0.892504570523,1.12044244145
are going,0.381230048797,2.62308808856
are going to,1.31814825547,0.758640005668
are great,0.289962592114,3.44872072191
are more,4.40093328495,0.227224530629
are still,1.40131223924,0.713616831423
are stronger,1.9101013975,0.523532416294
are talking about,0.259075795032,3.85987428843
arkansas,9.68403134048,0.103262780225
around,1.53578901391,0.651131106516
around the,3.24371840209,0.308288166863
around the world,0.921246053251,1.08548633285
as,1.50532372157,0.664308936124
as a,0.723973587198,1.38126586064
as hard,1.02581561949,0.97483405497
as i,2.54590985032,0.392786885157
as president,1.07453021941,0.930639252335
as president i,5.17425348591,0.193264594153
as secretary,1.07778957163,0.92782489859
as we,1.38411945014,0.722480996778
as well,1.67591441534,0.59668918105
as your,1.04151531261,0.96013950817
as your president,1.08024620722,0.925714891027
at home,1.56115536742,0.640551235881
at stake,2.16908243536,0.46102443305
at the,1.33089416914,0.751374544416
at the end,1.39816778554,0.715221742586
at the top,1.23065433843,0.81257585398
at what,0.739681825829,1.3519326352
at what is,1.07594968648,0.929411488814
attacks,1.7986198732,0.55598184747
attention,8.95706372132,0.111643729587
attention to,2.08417863115,0.479805322372
auto,5.83972750315,0.171240866883
auto industry,1.39668994176,0.715978521861
avoid,6.42522827275,0.155636493763
background,2.29888366151,0.434993739241
background checks,1.9648219095,0.508951979397
bad,0.351534380001,2.84467197774
badly,0.158004760267,6.32892324453
barbara,4.95649941222,0.201755294782
bargain,4.93868532038,0.202483036502
barriers,1.30488933147,0.76634851392
barriers holding,1.17860029893,0.848464064457
barriers that,0.883016964686,1.1324810734
basic,3.62030043699,0.276220169404
be able,0.915351976829,1.09247592764
be able to,0.921624638201,1.0850404368
be done,1.32031439604,0.757395362042
be here with,0.897391567733,1.11434075821
be part,1.36826403673,0.730853090599
be secretary,2.32378333553,0.430332718507
be so,0.291421431937,3.43145661372
be successful,1.33384958072,0.749709723238
be very,0.187398425721,5.33622412329
beat,0.679242613602,1.47222800804
beautiful,0.252095307031,3.96675373206
begin,0.999517545769,1.00048268711
begin to,2.12619091867,0.470324650162
behalf,0.767238990835,1.30337484401
behalf of,1.264060023,0.791101673819
behind,2.20834201986,0.452828407469
believe,0.891755681388,1.12138337986
believe in,1.48296424344,0.674325092076
believe me,0.166427868028,6.00860908601
believe that,1.12598509532,0.888111222929
believe that we,1.66477702994,0.600681041373
believe we,2.44330364116,0.409281917791
ben,0.290034571765,3.44786483182
benefits,1.89910316036,0.526564338827
bernie,0.257581799994,3.88226186797
bernie sanders,0.774485021494,1.29118055514
best days,2.11404565067,0.473026682126
better when,1.421431856,0.70351596229
better when we,1.80210707476,0.554905984227
between,1.71106831764,0.58443020053
bigger,0.596260298452,1.67711987968
bigotry,2.95861139536,0.337996399786
billion,0.763183740196,1.31030045234
birth,2.11223789863,0.473431520498
bit,0.403854614691,2.47613859944
black,2.72404571836,0.367101034047
border,0.308519676,3.24128435815
borders,0.29140851698,3.43160869272
borrow,2.15044675768,0.465019650651
both,2.24751333585,0.444936180822
break,1.90604744956,0.524645910694
break down,1.9168430405,0.521691123827
break down all,1.04049577655,0.96108030666
broadband,2.30741448432,0.433385508671
broader,3.57657557204,0.279597055859
build a wall,1.28906159227,0.775758122032
build on,2.37802898548,0.420516320914
build on the,1.4134076142,0.707509985055
buildings,0.394961902038,2.53188977175
built,0.490844552254,2.03730487668
businesses,0.850268396639,1.17609922226
but,0.883181093631,1.13227061495
but he,0.77857763951,1.28439342367
but they,0.531157098314,1.88268217289
but you,0.646922752094,1.54577961088
by the,0.982478755569,1.01783371328
by the end,1.02785841692,0.972896639791
by the way,0.194018998043,5.15413444089
call,0.657812645641,1.52018968718
came,0.952844307646,1.04948939924
came down,0.394538765649,2.53460518222
campaign,1.48402733603,0.673842034927
can,1.22537908948,0.816073987704
can afford,1.18325368218,0.845127308761
can be,1.41602757893,0.706200934842
can do,0.720481855288,1.38796000574
can do this,2.61320381159,0.382672027173
can do to,1.13447337433,0.88146625794
can to,5.89684856872,0.169582106162
can to make,1.17084990542,0.854080437955
care,1.11732000655,0.894998741751
care act,1.52076985676,0.657561691897
care of,0.449544226901,2.22447523549
care of our,0.871487695809,1.14746313093
carl,0.241312340186,4.14400688845
carrier,0.326832533626,3.05967092354
cars,0.429024818101,2.33086748787
carson,0.550634344961,1.81608722585
century,2.85759669742,0.349944413396
challenge,4.33149952467,0.230866930564
challenges,3.44497411014,0.29027794347
chance,1.62175261755,0.616616855849
chance to,1.44461336009,0.692226742202
chance to live,1.07839917603,0.927300411781
change,0.738958189249,1.35325653677
changes,2.45883843294,0.406696099509
charleston,2.92130663901,0.342312575697
cheers,2.9092221026,0.343734498341
cheers and,1.6012189104,0.624524225578
chief,1.10282380334,0.906763162864
child,1.34382772158,0.744143005791
childcare,2.30022335542,0.434740390599
childhood,2.79518150757,0.357758520258
childhood education,1.61885392095,0.617720961144
children,1.48886819332,0.671651127002
children and,0.890482022941,1.12298729703
children s,2.88349750253,0.346801063335
children s defense,1.53920910078,0.649684308319
children s health,1.24207199901,0.80510630688
china,0.47264837441,2.11573773262
choices,3.99921340679,0.250049171745
cities,1.14621113894,0.872439610839
citizens,0.959802126447,1.04188141748
citizens united,7.82028597732,0.127872561553
citizenship,1.92366911658,0.519839920172
civil,1.67303137428,0.597717422025
civil rights,0.828930431408,1.20637385492
class,2.12184044727,0.47128897052
class families,1.37561940051,0.726945257989
class life,1.46018317017,0.684845586795
clean,1.99022781164,0.502455042659
clean energy,4.86014873789,0.205755019842
clean energy superpower,1.2997903408,0.769354847939
clean renewable,1.34917568231,0.741193317603
clear,3.835499819,0.260722212799
climate,7.12517185755,0.140347491961
climate change,5.38451359956,0.185717796326
climate change and,1.20694812911,0.828536020628
cnn,0.490674475456,2.03801104403
coalition,1.27320600863,0.785418850699
code,2.89209433182,0.345770187715
colleagues,2.15567972601,0.463890803414
college,4.46814624974,0.223806461138
college affordable,1.22957209415,0.81329106667
college and,0.850765537707,1.1754119739
college or,1.39954629522,0.714517271357
college or university,1.16979843689,0.854848124655
colleges,3.76625691809,0.265515609197
colleges and,0.94565681883,1.05746607024
colleges and universities,2.03545788927,0.491289947718
com,6.79108821193,0.147251805424
combat,1.52561384296,0.655473863595
combat climate,1.13667568473,0.879758416082
come in,0.204318987995,4.89430771861
come into,0.547424434788,1.82673614192
comes to,0.853087149668,1.17221317938
coming,0.745927795829,1.34061232949
coming in,0.222593789786,4.49248831677
commander,2.56215683554,0.390296170058
commander in,1.40850601891,0.70997211696
commitment,3.86299051579,0.258866801746
commitment to,0.888069297312,1.1260382529
committed,1.074407609,0.93074545603
common,1.79421672845,0.557346269345
common core,0.193355652369,5.17181674158
common ground,2.10002278842,0.476185308805
common sense,1.17706208763,0.849572856444
common sense gun,1.08562901371,0.921124976741
communities,3.27905033744,0.304966346073
community,1.49551899047,0.66866419375
community college,1.84505284054,0.541989897539
compact,2.92503564063,0.341876176177
comprehensive,1.37379241334,0.727912012245
comprehensive immigration,1.88033782481,0.53181932885
comprehensive immigration reform,1.54560713961,0.646994940934
congress,0.882149688417,1.13359446036
conservative,0.139046424272,7.19184261829
continuing,3.36835886322,0.29688048115
conversation,1.06085388644,0.942636882212
corporations,4.41901793148,0.226294623716
correct,0.206130967461,4.85128465808
costs,1.97103041331,0.507348843146
count on,3.89081294754,0.257015696586
counterterrorism,2.53052383786,0.395175095781
couple,0.554691778686,1.80280299515
couple of,0.556168226321,1.79801713344
course,2.44709610538,0.408647620256
coverage,3.38599957053,0.295333764571
create,1.41696544522,0.705733511973
create more,1.46856544828,0.68093662504
create more good,1.10961297223,0.901215130886
create the,0.604114674987,1.65531486223
creating,4.24457853466,0.23559465135
credit,1.21781663139,0.821141684406
credit he,0.979837147562,1.02057775875
credit he deserves,1.2589270958,0.794327172193
criminal justice,1.45419579038,0.687665310691
crisis,1.1826851704,0.845533557894
crisis since,1.54127181508,0.648814823067
crooked,0.548562425175,1.82294658567
crowd,0.477624164644,2.09369641242
crowds,0.628705626241,1.59056951022
cruz,0.323126789253,3.09476042612
deal,0.895247987403,1.11700893392
deal with the,1.34762350755,0.742047014167
deals,0.172865944388,5.78482941532
debt,2.66393658073,0.375384311786
debt free,1.66350423438,0.601140639941
debt free tuition,1.38810174957,0.720408284416
decisions,2.45065754595,0.408053749351
deeply,3.32691715898,0.300578569353
defeat,1.84743849415,0.541290009474
defeat isis,1.78166062282,0.561274121003
defend,0.97939050149,1.02104318806
defense,0.449825988318,2.22308187159
defense fund,2.1951428621,0.455551215944
deficit,0.400415582086,2.49740530773
deficit with,0.628173773455,1.59191618985
degree,1.03161019076,0.969358396179
delegates,0.189855113761,5.2671744268
delighted,1.58422287198,0.631224316783
delighted to,2.82562548323,0.353903943015
delighted to be,1.80647435126,0.553564460685
democracy,5.666280709,0.176482608497
democratic,5.44311427042,0.18371835503
democratic party,1.03328245382,0.967789587742
democrats,1.32825288569,0.752868682443
depression,3.2906212971,0.303893979195
deserve,2.16438307929,0.462025419422
deserve to,1.81123378809,0.552109841686
deserves,4.99570992567,0.200171750338
deserves for,1.28059122385,0.780889312201
determined,1.20103054128,0.832618293728
did,0.712182449213,1.40413457409
did a,0.459758395429,2.17505544204
didn,1.06233126966,0.941325957884
difference,1.24129783869,0.805608427589
difference in,1.50087004374,0.666280204719
difficult,1.7508347822,0.571156119452
dignity,1.61157527569,0.620510884651
diplomacy,2.25849920552,0.442771906918
disabilities,2.14154725395,0.466952105846
disaster,0.386808548271,2.58525827433
discrimination,3.14606930227,0.317856952254
discrimination against,1.20956597083,0.826742835129
discrimination against the,1.03109244608,0.96984514221
dishonest,0.355880258999,2.80993388847
ditch,2.38727919545,0.418886907701
do,1.05713435978,0.945953549565
do as,2.20229858905,0.454071035131
do everything,2.79333225729,0.357995364637
do everything i,1.11069752186,0.900335132039
do everything we,1.13141362609,0.883850058847
do in,1.68582064821,0.593182911279
do it,0.818366382518,1.22194657718
do more,1.06087495705,0.94261816
do more to,0.442873107807,2.2579831161
do to,3.19688657682,0.31280434134
do together,1.79157947996,0.558166696587
do well,0.325690398446,3.07040061596
do you,0.335411370169,2.98141353853
do your part,1.82946841749,0.546606867023
doing everything,1.69897018122,0.588591848788
don,0.553283859287,1.80739051613
don t,1.9149669614,0.5222022208
don t know,0.615758070293,1.62401444373
don t like,0.638466109049,1.56625384782
don t want,0.986388181307,1.01379965712
don t win,0.556866959962,1.79576105587
donors,0.412744379675,2.42280706714
down all,1.82710024461,0.547315344601
down all the,1.72050370958,0.581225134496
down barriers,1.89768740892,0.526957177089
down economics,1.89343658355,0.528140212716
dreams,1.47398537568,0.678432782646
drug,3.72968917612,0.268118857304
drug costs,1.46937182807,0.680562932335
e,0.788707508297,1.26789714752
e mails,0.622657239848,1.60602003157
each,2.47709679111,0.403698395473
each other,2.28979863499,0.436719624476
early,0.59559692815,1.67898784016
early childhood,2.61459768949,0.382468019466
earned,2.03528081973,0.491332689968
easier for,2.316840727,0.431622246772
economic,1.42997420628,0.699313313213
economics,0.933122598942,1.07167054054
economy,3.77902054875,0.264618831017
economy and,0.864091218616,1.15728522459
economy that,1.17499424057,0.851068001417
education,1.19251109468,0.838566621692
effective,2.58851968945,0.386321187385
effort,2.37562468422,0.420941913359
efforts,2.24971255048,0.444501231852
efforts to,1.50903439428,0.662675419321
either,2.42708645529,0.412016637405
elect,2.0569136094,0.486165289311
election,1.32063652578,0.757210618122
emergency,3.75520308927,0.266297181864
end,1.59676519665,0.626266154911
end of,2.05835721841,0.485824321966
end of my,1.27623637293,0.783553909928
energy,0.735882173672,1.35891320075
energy superpower,1.44433692814,0.692359227629
energy to power,1.04084963811,0.960753564576
enforcement,1.02309075905,0.977430390367
enough,3.52263342354,0.283878530567
enough to,1.00332474293,0.996686274353
entrepreneurs,2.87305743197,0.348061263542
epidemic,3.51364132365,0.284605031615
equal,1.2520819712,0.798669754056
equal pay,2.90965607209,0.343683231015
equal pay for,1.28023483115,0.781106696731
equality,2.8304176314,0.353304752241
equality and,1.37822834311,0.725569173642
especially,1.38883337174,0.72002878124
establishment,0.157129634791,6.36417185929
evangelicals,0.222378172084,4.49684422994
ever,0.669557270331,1.49352422013
ever before,0.219122203449,4.56366349124
ever seen,0.617497112476,1.61944077113
every,1.16791432699,0.85622718798
every american,0.603960106743,1.65573849802
every child,2.40798707003,0.415284621935
every day,1.70930958321,0.585031529585
every home,1.60657429281,0.622442425771
every home in,1.02963404295,0.971218858634
every single day,1.71863451828,0.58185727644
everyone,1.54060116573,0.649097262969
everyone not,0.72449441437,1.38027289123
everyone not just,1.10606552161,0.90410557102
everyone who,1.012755181,0.987405464578
everything,1.21926777502,0.820164381026
everything i,4.5588166688,0.219355168819
everything i can,1.12388551906,0.889770339632
everything we,3.04360879471,0.328557336849
everything we can,1.13489167885,0.881141362327
excited,2.91072906128,0.343556538223
expand,3.51762369136,0.284282824924
extend,2.58330156908,0.387101533933
face,1.43444293657,0.697134737471
faced,2.6261594906,0.380784184502
faces,5.85489258088,0.170797326541
facing,2.14181796605,0.466893086084
fair,1.2684048845,0.788391792098
fair share,1.08833343941,0.918836051335
fairer,2.34137118262,0.427100157131
families,3.23028605917,0.309570106697
families and,1.80333080935,0.55452942678
families are,1.91542651398,0.522076933102
family,2.40090537147,0.416509543393
family leave,1.28524670256,0.778060739629
fantastic,0.329650853405,3.0335125472
fear,1.73739550538,0.575574183832
federal,1.62072187382,0.617009010708
federal government,1.22736804614,0.814751535321
feel like,3.58107973158,0.27924538825
fellow,2.02461638642,0.493920728246
fight,1.35473401561,0.738152278217
fight against,2.04227983116,0.489648864345
fight for,1.52010117389,0.657850949119
fight to,1.24604803275,0.802537280843
fighters,4.77160812706,0.209572951796
fighting,1.03282206704,0.968220985896
fighting for,2.22973294935,0.448484200895
figure,1.49346744447,0.669582724218
figure out,1.47450157364,0.678195274849
figure out how,1.42029353818,0.704079806828
finally,1.47409204536,0.678383689233
financial,1.33638956471,0.748284801385
financial crisis,1.39321417925,0.717764730571
financial crisis since,1.10693344468,0.903396680988
find,1.3962713769,0.716193153098
find common,0.999568609981,1.0004315762
first,1.32523149373,0.754585145864
first job,2.56213102979,0.390300101116
first lady,2.22987852536,0.448454921928
first term,1.52665127396,0.655028438426
five,0.244972118005,4.08209721231
flint,6.06834056099,0.164789696615
florida,0.320052554837,3.12448685345
focus,1.12310618566,0.890387759204
focused,1.34001976248,0.746257650821
focused on,3.33129016029,0.300183998356
folks,0.560395006717,1.78445558582
for,1.12877177098,0.885918682335
for all,0.864399739898,1.15687216671
for equal,1.1867651248,0.84262671619
for everybody,2.24151107579,0.446127619356
for everyone,1.3032292625,0.767324697792
for example,3.65119793847,0.273882713797
for families,0.834644960845,1.1981142245
for more,3.36483759868,0.297191163221
for people,1.05584544007,0.947108319128
for people who,2.52141180971,0.396603203075
for the wall,0.652728607595,1.53203029309
for their,1.08005170353,0.925881600608
for those,0.990701401618,1.00938587385
for us to,2.43908594591,0.409989652754
for women,2.35040135619,0.425459250764
for women s,0.700853839525,1.42683102183
forces,3.54194476035,0.282330772404
ford,0.44204209777,2.26222797567
former,3.02109022986,0.331006333447
forth,3.14030958993,0.318439940828
fortunate,2.96441049813,0.337335197211
fortune,0.35688235734,2.80204380921
forward,4.32901107013,0.230999640287
forward to,0.870820589933,1.1483421632
fought,3.21098387837,0.311431024844
four year,1.91834370736,0.52128301939
fox,0.20590247096,4.85666828251
frankly,0.149633352393,6.68300204473
free trade,0.338079715957,2.95788227687
friend of,0.645313762629,1.54963377184
friend of mine,1.03545870248,0.965755560898
from,1.17282146146,0.852644697307
front lines,3.41336539093,0.2929659985
fulfill,4.68067482964,0.213644407355
full,2.06704787557,0.483781731336
full time,2.33200501163,0.428815544998
fund,1.38076622991,0.724235557287
future,1.40267253314,0.712924774935
future and,1.51556065615,0.659821826292
future that,2.11025437884,0.473876519355
gave,0.399950977306,2.50030642939
gender card,1.2483546696,0.801054399324
general,0.330358784352,3.02701198626
generation,3.25777418775,0.306958046313
generations,1.67040481222,0.598657279171
get,0.801127873262,1.2482401791
get ahead,2.92797493809,0.341532977961
get ahead and,1.37250173845,0.728596527046
get along,0.322520739521,3.10057580013
get back,1.75529399432,0.56970513386
get equal,1.30231734533,0.767861998909
get the,1.55420565711,0.643415493585
get the cost,1.88259712522,0.531181093717
get to,1.81743124903,0.550227140936
gets the credit,1.13966203081,0.877453115894
girls,3.02357034602,0.330734821935
given potential,1.37725584467,0.726081507566
go after,3.92368093063,0.254862721429
go to college,1.50352738809,0.665102616634
goals,3.28512602805,0.304402324739
god given,0.467805719055,2.13763953553
god given potential,1.36555842896,0.732301144203
going,0.965857558328,1.03534935496
going on,0.822782283536,1.21538834757
going to,0.648184022494,1.542771752
going to be,0.812726506833,1.23042621545
going to bring,0.32557987577,3.0714429067
going to happen,1.49355678235,0.669542672778
going to have,0.760802380133,1.31440177648
going to make,0.684918009962,1.46002877053
going to pay,0.737071630929,1.35672023998
going to say,0.556532198911,1.79684122852
going to win,1.28119815224,0.780519389803
golf,0.153204423552,6.52722667409
good jobs,2.45494995908,0.407340278486
good paying,1.14002941897,0.877170346095
good paying jobs,0.982268772402,1.01805129929
got to,1.96645704787,0.508528778233
government,0.985457560102,1.01475704331
granddaughter,6.7823705886,0.147441073433
granddaughter of,1.13702239954,0.879490149363
granddaughter of a,1.13332869849,0.882356549634
grandmother,7.94880470649,0.12580507849
grandparents,5.58903730194,0.178921690083
grateful,6.85452772724,0.145888971464
grateful for,2.04415067358,0.489200729147
grateful to,0.920945766334,1.08584027047
great,0.477485113805,2.09430612827
great again,0.29307318199,3.41211704602
great depression,2.81387082939,0.355382340069
great guy,0.658534314788,1.51852375426
great job,0.368383056176,2.71456567623
great people,0.223516999735,4.47393263682
great recession,2.57725419468,0.388009844766
greatest,0.30961599089,3.22980734014
ground,2.22690326263,0.449054081863
grow,0.991749286094,1.00831935452
growth,2.20141941906,0.454252375236
guarantee equal,1.09173342063,0.915974523727
guard,2.62318557263,0.381215881344
gun,3.19132161607,0.313349803092
gun lobby,1.31204834793,0.762167035673
gun owners,1.96574596832,0.508712731003
gun safety,1.98378388136,0.504087168665
gun violence,2.90021929837,0.344801512273
guy,0.108061421808,9.25399632239
guys,0.174981065823,5.71490404004
happen,1.17255452421,0.852838805659
happening,0.572390023266,1.74706049958
hard,2.65966336131,0.375987433052
hard look,2.38647621062,0.419027851839
hard look at,2.20617901154,0.453272374893
hard to,0.565070765529,1.76968985303
hard work,1.7249518663,0.579726321375
hard working,0.93772322168,1.06641275046
harder,1.318766788,0.758284185728
have a,0.711650294913,1.40518455082
have a democrat,1.28901049569,0.775788873206
have got,2.00870647089,0.497832816536
have got to,0.752939849566,1.32812734055
have great,0.982286442945,1.01803298537
have laid,1.66909160871,0.599128289173
have made,1.62125202248,0.616807249047
have never,0.927515207308,1.07814943854
have to,1.17306156265,0.852470178752
have to borrow,1.71340680831,0.583632558918
have work,1.59437848139,0.627203648112
have worked,1.43871360316,0.69506536798
he,0.819143256719,1.22078768493
he deserves,1.36241130301,0.733992736106
he deserves for,1.25544225516,0.796532055448
he is,1.05804819647,0.945136529068
he is a,0.917922411623,1.08941669507
he s,0.4866225996,2.05498059651
health,2.32226842164,0.430613442737
health care,1.29400093747,0.772796967177
health insurance,0.81752010544,1.22321150678
health insurance program,1.14429683639,0.873899121452
heart,1.81015490601,0.552438908227
hell,0.297613524806,3.36006235151
hell out,0.574081912136,1.74191170086
hell out of,0.614883490175,1.62632436222
help,2.00916653024,0.497718822682
help people,1.53488750117,0.651513546913
help to,1.01021671903,0.989886606671
helping,1.3032909292,0.767288390946
her god,1.05310037524,0.949577099689
her own,2.36870201478,0.422172140591
here,1.1031743089,0.906475061951
here at,2.26225642179,0.442036539434
here at home,2.71615235897,0.368167859471
here in,4.40735973372,0.226893210543
here in new,1.80953406595,0.552628446636
here with,2.8401387496,0.352095474259
high,1.91708959715,0.521624029198
high school,1.35560138515,0.737679978022
higher,1.20426542867,0.830381721664
higher education,4.31421726561,0.231791756983
highly,0.161859955324,6.17818037822
hillary,0.179484627207,5.57150779741
hillary clinton,0.757433231376,1.32024838438
him,0.625067529239,1.59982714382
his,1.56249072101,0.640003800696
his or,0.777530747401,1.28612277179
his or her,0.724197499321,1.38083879182
hispanics,0.125594637676,7.96212337171
history of,0.352403640828,2.8376551322
history of the,1.08737250669,0.919648045033
hit,0.290553412906,3.44170798064
hold,2.50905983984,0.398555659822
holding,1.64580760005,0.607604436855
home,1.28008339905,0.781199100578
home in,1.56417946311,0.639312830517
home in america,1.02526984968,0.975352976892
homes,5.63782110769,0.177373488959
hope,1.72545626666,0.579556850741
hope that,2.5470553585,0.392610233877
hope you,1.31284606419,0.761703924989
hope you will,4.44511192364,0.22496621394
horrible,0.287383891203,3.479666156
house,1.30921915259,0.763814062771
how,1.55874481141,0.641541830759
how do we,2.74557339771,0.364222643195
how hard,1.58255188241,0.631890815785
how to,0.373700489809,2.67593976264
how we,1.97574027382,0.506139401646
human rights,3.01965612859,0.331163535653
husband,1.84099395165,0.543184837247
i also,1.03710836803,0.964219391938
i also want,1.1943137187,0.83730094057
i am,1.10630738113,0.903907916605
i believe,2.63173086866,0.379978063832
i believe we,0.411831088752,2.42817996823
i can to,1.38915320994,0.719863002041
i didn,0.886614238559,1.12788624016
i don,0.952318019965,1.05006938757
i get,0.466135602104,2.14529848286
i guarantee,0.452541397917,2.20974258842
i have laid,1.63935415882,0.609996317527
i have said,1.66306121646,0.601300776003
i have worked,1.95553779803,0.511368279871
i hope,1.16509267549,0.85830082107
i hope you,1.63582376336,0.611312796892
i know,2.18845229145,0.456943934262
i know that,1.84893188198,0.540852807909
i know we,1.52863826521,0.654177003649
i love,0.432759550273,2.31075200852
i m,0.375450798582,2.66346483688
i mean,0.326578939272,3.06204681241
i need,2.18226075259,0.458240381592
i remember,6.31499438275,0.158353268331
i said,0.246815165231,4.05161489596
i said i,0.672638904037,1.48668177531
i said to,0.309592101233,3.23005656803
i say,0.363814640866,2.74865243911
i support,1.70088024698,0.587930868017
i thank,3.79736604789,0.263340427915
i think about,1.29240876619,0.773749007401
i think i,0.643800268591,1.55327676732
i ve,0.73711162526,1.35664662682
i want,1.13296328606,0.882641134366
i want to,1.19392782752,0.83757156584
i want us,2.06171267977,0.485033637234
i want you,1.47481096829,0.678052998995
i will,1.01274794649,0.987412518058
i will defend,1.84412668426,0.542262095405
i will do,1.00682353058,0.993222714431
i will fight,1.25960861397,0.793897397103
i will stand,1.64216827903,0.60895099045
i will work,0.639507433017,1.56370348236
i win,0.505530562181,1.97811977121
i won,0.410166138418,2.43803645971
i worked,2.65924731664,0.376046257053
i worked with,1.54309416319,0.648048592145
i would,0.637099515673,1.56961349899
i would have,1.0505220141,0.951907705486
i would say,0.425135471426,2.35219140065
ideas,4.680879641,0.213635059368
if,1.13887061848,0.878062866644
if i,0.382854809993,2.61195621395
if you look,1.01419779613,0.986000959394
if you work,1.22932810914,0.813452480719
illegal,0.207856524403,4.81101087817
illegal immigrants,0.357393930457,2.79803296805
illegal immigration,0.340922934818,2.93321421902
imagine,2.62730337627,0.380618397187
imagine a,2.26190992258,0.442104254469
imagine a tomorrow,1.10132664017,0.907995832958
imagine that,1.54201585045,0.648501764562
imagine that we,1.17761795202,0.849171837341
immigration reform,2.57711351457,0.388031025543
immigration reform with,1.07235326708,0.932528515277
improve,2.67515985975,0.373809436604
improve the,0.995823797061,1.00419371675
in,0.974385769477,1.02628756631
in america,1.5279233467,0.654483094429
in america and,0.83320489393,1.20018498125
in chief,1.85384279026,0.539420065853
in mexico,1.05240909508,0.950200834142
in one,0.511357830629,1.95557775809
in our,2.14509734742,0.466179309391
in our country,1.27162803291,0.786393484667
in people,1.92802185042,0.518666321018
in school,2.62326908814,0.381203744794
in terms,0.694967162302,1.43891690751
in the,1.40184651687,0.713344854782
in the 1990,1.85540190141,0.538966786248
in the history,0.421168855781,2.37434460377
in the senate,1.56591837987,0.638602888156
in the way,1.0181603014,0.982163612769
in the white,1.57919677819,0.633233308103
in the world,0.472652000613,2.11572150061
in this campaign,2.08231703776,0.480234268782
in this election,0.706750164125,1.41492715639
incarceration,2.02829305377,0.493025402883
including,1.74662381287,0.57253313085
income,1.1974854763,0.835083197073
incomes,2.8784514536,0.347409020482
incompetent,0.306943394253,3.25792969884
incredible,0.16451485803,6.07847833305
indiana,0.177515379859,5.63331470656
inequality,3.51243217518,0.284703006386
information,1.96824793176,0.508066074332
infrastructure,1.78317698067,0.560796831072
inherited,3.41783298185,0.292583050521
innovation,1.70917992836,0.585075908865
insurance,3.63101897532,0.275404784937
insurance program,1.14112215245,0.87633037169
intelligence,3.66990175903,0.27248685814
into our,0.433501431549,2.30679745722
into our country,0.225493856719,4.43471061497
into the country,0.30992889851,3.22654649117
invest,3.35094176728,0.298423568492
invest in,2.45767052219,0.406889365752
investing in,1.99870438254,0.500324114328
investment,10.7633314548,0.0929080372744
investment in,1.82746318875,0.547206644793
investments,2.74516582873,0.364276718563
iran deal,0.352719137107,2.83511693808
is a disaster,0.494267621441,2.02319544437
is also,1.6115658256,0.620514523274
is going,0.401046393233,2.49347710607
is going on,0.423857426534,2.35928389453
is going to,0.795924674367,1.25640030044
is not just,0.895790338261,1.11633264759
is not only,6.72706520768,0.14865323423
is not the,4.03538071394,0.247808093185
is ok,0.342444804434,2.9201786304
is to,1.22326825752,0.817482178463
is what,1.13429337674,0.881606135156
is what i,1.88128171749,0.531552499928
is why,1.89687708931,0.527182285892
is why i,1.47073002575,0.679934442416
islamic,0.100455587416,9.95464787699
issue,2.49242564858,0.401215579116
issues,1.97761271296,0.505660179795
issues that,2.21045968465,0.452394588756
it,0.879323874765,1.1372374033
it and,0.827376752368,1.20863922891
it comes to,1.38410037389,0.722490954318
it easier,1.6158806335,0.618857593359
it is also,2.65412764932,0.37677162975
it possible,0.910800489485,1.09793529049
it really,1.78839826663,0.55915956678
it s,0.949875882403,1.05276912334
it s going,0.574902266088,1.73942608855
it was,1.13976464662,0.877374116637
ivanka,0.167911990024,5.9555008541
japan,0.163116477848,6.13058848005
jeb,0.248845745115,4.01855374115
jeb bush,0.662821373935,1.50870210184
jobs,0.863159772113,1.15853406554
jobs of,1.00407713582,0.99593941972
jobs of the,2.25623693638,0.443215862606
jobs with,2.49000959189,0.401604878655
jobs with rising,1.04424880833,0.957626182595
join,2.40476570891,0.41584092633
jordan,2.23616963164,0.447193265596
judges,0.283218725921,3.53083997799
june,0.595577400008,1.6790428918
june 16,0.58204269298,1.71808702705
just,1.28204981378,0.780000893295
just those,1.2148686299,0.823134267677
just those at,1.20533535951,0.829644623058
justice,1.07867212113,0.927065769484
kasich,0.388087394287,2.57673919514
keep,2.34407450237,0.426607600991
keep us,1.32438274563,0.755068731681
kids,4.25968525698,0.234759128826
kids and,1.5360116812,0.651036715564
kids who,2.39909574294,0.41682371491
kind,1.10642306298,0.903813408684
kind of,1.57174666713,0.636234846819
kind of country,2.5908652969,0.385971436337
kindergarten,2.41725318864,0.413692700748
kinds,2.14197673261,0.466858479261
kinds of,2.09509551678,0.477305207324
knocked down,4.02171213582,0.248650317633
know if,0.523293877727,1.91097209916
know that,1.52103529071,0.657446941638
know we can,1.89589661101,0.527454922484
know what they,0.551193367672,1.81424534229
korea,0.961402003284,1.0401476142
lady,2.57385994441,0.388521528599
laid,0.883597327053,1.13173723978
laid out,2.62942644133,0.380311076317
landslide,0.464534707201,2.15269168159
largest,0.910859071247,1.09786467695
last night,0.215681641856,4.63646322142
latino,4.13912904118,0.241596719999
law,1.09777786191,0.910931104277
law school,1.39978581946,0.71439500679
lead,1.96218053615,0.509637100959
learn,2.01642011444,0.495928399463
learning,7.62304560871,0.131181164502
leaving,0.234217706634,4.269532028
left out,2.44070571597,0.409717563841
let,1.35093655005,0.74022721494
let s,1.9985977823,0.500350800373
let the republicans,1.74748378806,0.57225137471
lgbt,1.18530429752,0.843665210776
life,0.919285826314,1.08780095524
lift,0.8698851832,1.14957700087
likely,1.38264758451,0.723250097279
likely to,2.96896005608,0.336818273439
little bit,0.704693986322,1.41905567439
live,0.938866866544,1.06511374044
live up,1.9542130208,0.511714940673
lives,1.49708772749,0.667963527881
living,1.79662874194,0.556598019756
lobby,2.17171802615,0.460464935115
long term,2.0385820881,0.490537028573
look,0.753980814997,1.32629369357
look at,1.07500745158,0.930226110091
look at what,1.16648391656,0.857277143564
looking forward,1.4502060038,0.689557205927
looking forward to,1.33981773002,0.746370179761
loophole,5.2776402523,0.189478621542
loopholes,2.66520136326,0.37520617158
lot of money,0.771820853205,1.29563744728
love,0.536380732342,1.86434735572
love the,0.465015479678,2.15046604619
love you,0.458410262,2.18145203739
loved ones,2.48970507559,0.401653999024
m,1.42152446155,0.703470131573
magazine,0.215511013088,4.64013409649
majority of,4.48575564856,0.222927880684
make,1.46352356234,0.683282473704
make america,0.222897011464,4.48637688514
make america great,1.47256636583,0.679086541161
make college,1.35981792247,0.735392572402
make college affordable,1.15472154896,0.866009646138
make her,1.06562827818,0.938413535445
make her own,1.04844680785,0.953791830464
make it,0.849585311675,1.17704483147
make it possible,1.64397573271,0.608281485001
make progress,1.69266765424,0.59078342845
make sure,1.8458471501,0.541756667092
make sure that,1.42053030304,0.70396245533
make sure we,1.30323620314,0.767320611255
making,1.44194392739,0.693508243286
making sure,2.28028793931,0.438541108235
many americans,1.92103420353,0.520552938705
many of you,1.14207108037,0.875602243317
marco,0.551625465962,1.81282421082
markets,2.56450883821,0.389938215497
marriage equality,1.33957916568,0.746503100093
marriage equality and,1.06102017125,0.942489150625
massive,0.21574819636,4.63503295449
matters,3.92832407063,0.254561482714
mayor,3.82401547557,0.26150521785
me,0.898511974456,1.11295122205
mean,1.3457722194,0.74306779824
measures,1.55236463528,0.644178550113
media,0.196324249674,5.09361427161
meet,1.62638202488,0.614861689751
men,0.819733051918,1.21990933226
mental,1.18088287697,0.846824032682
mental health,3.17709057466,0.314753380963
mess,0.419810949401,2.38202457899
met,2.5474121299,0.392555247839
mexico,0.296701813915,3.37038721403
mexico and,0.932968512638,1.07184753446
middle,0.357978658581,2.7934626158
middle class,3.66203795365,0.273071992332
middle class families,1.36603805678,0.73204402691
military,1.00307566607,0.996933764646
million and,0.283292106553,3.52992539103
million kids,1.35219829176,0.739536505923
million new,2.56926411002,0.389216506041
millions and,0.276948960761,3.61077361422
millions of americans,1.28915854386,0.775699780886
millions of dollars,0.421177472353,2.37429602873
minimum,1.1680166749,0.85615216074
minimum wage,2.61516676295,0.382384792499
minutes,0.353482581998,2.82899370698
mission,2.12566671319,0.470440635777
mom,2.59846978942,0.384841880429
money,0.472615408507,2.1158853097
money for,0.891432181165,1.12179032924
more,1.45817656784,0.685788005416
more affordable,1.18446637389,0.844262042422
more good,1.74670864602,0.572505324387
more good jobs,1.65052750742,0.605866909522
more jobs,2.46404073867,0.40583744591
more people,1.81379132159,0.551331340104
more solar,1.04945274083,0.95287759143
more to,1.0340254931,0.967094144848
mortgage,2.1638063669,0.46214856158
mother,6.22869417248,0.160547294876
move,1.51654540464,0.659393379808
mr,0.659127454298,1.51715725613
mr trump,0.554765359859,1.8025638808
mrs,4.62407096945,0.216259656611
mrs clinton,2.47775960733,0.403590403621
much better,0.297185803076,3.36489828804
muslim,2.22012707774,0.45042466714
muslims,3.93869092753,0.253891462519
my,1.03419765534,0.96693315329
my first,1.11534379853,0.896584534126
my first term,1.23995012003,0.806484054358
my friends,3.8246973175,0.261458598416
my heart,1.37148604659,0.729136109322
my husband,14.1521462391,0.0706606604472
my plan,1.54485473687,0.647310051966
my wife,0.143186676243,6.98389002552
myself,0.321633384323,3.10912998694
nafta,0.438115265157,2.28250435337
national,1.93164693611,0.517692949631
national security,2.37611184104,0.42085561072
nearly,1.0343716411,0.966770510967
necessary,2.7268671473,0.366721202751
need,1.36028440278,0.735140385314
need more,2.5640068013,0.390014566067
need to,1.17336771177,0.852247756578
need to be,1.13340086581,0.882300367124
need to do,1.90477888395,0.524995320154
need to get,1.04031698267,0.96124548254
need to make,0.895792728334,1.1163296691
needed,2.20386884424,0.4537475098
needs,0.859549285904,1.16340041973
negative,0.374937477932,2.66711134218
never,0.707196109254,1.4140349288
never seen,0.374420203252,2.6707960503
new,1.02308095014,0.977439761593
new jobs,2.00920385084,0.497709577642
next president,1.58077851738,0.632599689967
nice,0.183795179984,5.44083909102
no fly,4.01441120643,0.249102532994
nobody,0.36577529014,2.73391895778
not enough,2.49875094145,0.400199949267
not going,1.54394874588,0.647689894286
not going to,0.607511637313,1.64605900296
not just,4.51498921234,0.221484471605
not only,2.39305912167,0.417875175312
now they,0.366627092158,2.72756711489
nuclear,2.23921941344,0.446584195365
number,0.638606216662,1.56591021808
number one,0.355627662423,2.81192973906
numbers,0.298936472298,3.3451923491
nurses,2.87764346164,0.347506566859
obamacare,0.566993073522,1.76368997559
of,1.11817041578,0.894318062693
of america,0.541874478457,1.84544583618
of americans,3.80955842849,0.262497614558
of country,2.54435859819,0.393026360636
of course,1.70353147391,0.587015863997
of gun,0.821517344679,1.21725975292
of mine,0.409271078927,2.44336834799
of money,0.596308256128,1.67698499849
of my first,1.23047618955,0.812693499064
of opportunity,1.13714631189,0.87939431324
of our,1.19264769941,0.838470573075
of poverty,1.97806800433,0.50554379213
of state,2.15209757227,0.464662946924
of the future,1.16858992725,0.85573217489
of the great,0.718951100537,1.39091518081
of the things,0.577524013367,1.73152973185
of these,1.13652578722,0.879874448295
of us,0.97108646898,1.02977441448
of you,1.59710539128,0.626132755835
of young,3.80706964604,0.262669216215
of young people,1.73621367984,0.575965972169
offensive,2.0212144954,0.494752042534
offer,2.14565701151,0.466057713156
often,4.23293222718,0.23624285633
oh,0.553444182923,1.80686694495
oil,0.432185990092,2.31381864042
ok,0.3695200172,2.70621334015
older,1.02306389428,0.977456056845
on,1.29413443227,0.772717250285
on 9,1.27641842242,0.783442155357
on television,0.393022485235,2.54438368686
on the,1.04040904787,0.961160422473
on the ground,2.02021324384,0.494997249944
on the progress,1.07327629281,0.931726533697
on wall,1.40117371368,0.713687382398
once,1.69872793749,0.588675783763
once again,3.81261706379,0.262287028377
one,0.934174710825,1.07046357433
one another,1.02168412766,0.978776094219
one of the,0.77638865383,1.28801470123
one thing,0.971628619126,1.02919982009
online,2.37207209581,0.421572346711
opportunities,8.78931761813,0.113774475272
opportunity,1.87812064714,0.532447157494
opposition,2.88866934149,0.346180154868
optimism,1.4428492206,0.69307311237
or,1.32701018555,0.753573718493
or her,1.13532186015,0.880807491775
other day,0.704122679693,1.42020705885
others,1.67202589179,0.598076862872
our,0.701796858521,1.42491375939
our children,1.6182158841,0.617964518717
our economy,1.43290178759,0.697884536583
our future,5.65844208178,0.176727089462
our history,3.2836021736,0.304543591803
our jobs,0.312015354441,3.20497047907
our kids,0.705885834809,1.41665967879
our military,0.966441310074,1.03472398125
our rights,1.0167786012,0.983498274671
our values,2.57556731333,0.388263973853
our vets,0.848408874985,1.17867696754
out how,1.30425929581,0.766718706327
out how to,0.9416817274,1.06192991847
out of poverty,1.67235048922,0.597960778227
over,0.710392193115,1.40767312717
over the,0.995893249136,1.00412368581
overseas,2.08095470792,0.480548661724
own,1.50723730801,0.663465530403
own health,1.04372651108,0.958105393876
paid,4.22599806282,0.236630491812
paid family,1.24733429496,0.801709697266
paid family leave,1.23756565805,0.808037936003
panels,1.42934538766,0.699620965397
parent,3.59470461386,0.278186974291
parenthood,1.96208985071,0.509660655775
parents,1.54736197493,0.646261195636
part,1.1659721955,0.857653384751
part of,1.84844918004,0.540994045603
particularly,6.7362791041,0.148449906031
partisan,2.45047141354,0.408084744214
partner,3.27780892259,0.305081846934
partners,2.39391342605,0.417726050206
past,5.88252737023,0.16999495915
path,1.07855004248,0.927170701973
path to,2.00595493124,0.498515686681
path to citizenship,1.3324403397,0.750502645562
pay,1.89509272719,0.527678664823
pay back,2.83608644543,0.352598561166
pay for women,1.13681074531,0.879653895013
paying,1.19162231661,0.83919207123
paying jobs,0.778595508874,1.28436394585
people across,2.03332116983,0.491806220699
people s,1.49760902907,0.667731016968
people s lives,0.999988669725,1.0000113304
people that,0.220470591176,4.53575234077
people that are,0.255246541192,3.91778080648
people to,1.24172031103,0.805334334242
people who,1.01950501156,0.980868155291
people who are,1.16321252176,0.859688132041
people who have,2.1191057622,0.471897164284
people with disabilities,1.73045704775,0.57788201175
percentage of,1.04623243176,0.955810553795
person,0.463252879566,2.15864821161
plan,1.58415263754,0.631252302524
plan to,0.80555707697,1.24137696581
planned,2.93299787534,0.340948081963
planned parenthood,1.25168368062,0.798923893857
plans,2.03031362773,0.492534742585
plant,0.502039760466,1.99187410788
playing the,5.34643288347,0.187040597309
policies,1.34944055086,0.741047835982
politician,0.15967528358,6.26271002987
politicians,0.178411898398,5.60500733964
poll,0.145247806785,6.88478554091
polls,0.273756056459,3.65288721986
possible,1.83918790595,0.543718233882
possible for,1.29555568977,0.771869559832
potential,2.02155269328,0.494669272447
pouring,0.219843456545,4.54869121745
poverty,1.19256251979,0.838530461427
power every,1.03918124285,0.962296044971
prepare,1.00464373458,0.995377730018
prescription,2.36025098931,0.423683754198
prescription drug,0.972947164284,1.02780504092
president,1.43515001676,0.696791268037
president elect,3.32334225768,0.300901900094
president i,1.06328452202,0.940482043416
president i will,0.372861036817,2.68196432788
president obama,1.01346355971,0.986715299646
president obama and,2.84906178086,0.350992739686
president obama s,1.39840067068,0.71510263186
president to,2.54803339764,0.392459534057
press,0.51697722172,1.93432120021
prevent,1.74651221781,0.572569713398
priority,2.79479903496,0.357807480069
prisoners,0.275876758006,3.6248069871
privatize,5.02375573378,0.199054263979
probably,0.387012484336,2.58389597358
problems,1.93253322862,0.517455526865
problems that,1.53293457686,0.652343560578
profits,2.15531736145,0.463968795448
program,2.2053634698,0.453439994675
programs,4.31065986332,0.231983044756
progress,5.66656458618,0.17647376727
progress we,1.40238492186,0.713070986726
progress we have,1.24036472878,0.806214476112
progressive,6.17929516547,0.161830754677
promise,2.09155421233,0.478113354224
promise of,2.08014591329,0.480735506875
prosperity,1.47923635007,0.676024490576
provide,2.47552376219,0.403954918662
provided,3.13282289059,0.319200936319
public,2.73667637743,0.36540674237
public college,1.18239182489,0.84574333055
public college or,1.10038481237,0.908772993553
pursue,2.5584875935,0.390855911336
push,1.04894639621,0.953337561969
quality,0.798515537091,1.25232378526
quality affordable,1.24098415008,0.805812064512
racism,2.49362020246,0.401023379187
radicalization,1.51642552707,0.659445506652
raise,1.56013969663,0.640968242881
raise incomes,1.59434354992,0.627217389911
raise the,1.44875888648,0.690245981806
raise the minimum,1.2831385581,0.779339061777
raising,1.39974426289,0.71441621624
raising the,2.269325634,0.440659544412
raising the minimum,1.0762078781,0.929188514919
re,1.20628830938,0.828989216115
re going,0.916220919611,1.09143982482
re going to,1.01593086039,0.984318952197
reach,1.63996404722,0.609769465188
real,1.51333371004,0.660792787056
recession,6.90018706899,0.144923607143
recognize,4.57340001708,0.218655703911
recovery,6.3139721808,0.158378904969
refinance,4.41464567628,0.226518745405
reform,1.71128205394,0.584357206165
reform and,2.05219455521,0.487283234165
region,1.61676098706,0.618520614985
renewable,2.71388367529,0.368475631106
renewable energy,1.54151435289,0.648712740252
renewable energy to,1.02064367115,0.979773870422
reproductive,1.61288938022,0.62000532229
republican candidates,5.24942188096,0.190497167627
republican party,0.5006476676,1.99741268105
republicans,4.62734398306,0.2161066918
republicans and,0.635402578844,1.57380538464
republicans are,2.28338747126,0.437945820666
republicans have,3.1782585764,0.314637709916
republicans to,1.52325952608,0.656486949782
research,2.98576817862,0.334922184234
resources,1.74047027994,0.574557354715
rest of,1.45346814384,0.688009575055
rest of the,1.24081349748,0.805922890128
results,2.93495936709,0.340720219575
retirement,1.79737952961,0.556365521877
reverse,1.94371525243,0.514478650486
rid,0.535430713656,1.86765528106
rid of,0.480278730529,2.0821242675
rigged,0.180714109332,5.53360223888
right here,1.27339197795,0.785304146186
right here in,0.678207448001,1.4744751078
right to,0.645177424829,1.54996123782
right to make,1.15141029784,0.868500135769
right to vote,3.09898629105,0.322686164469
rights,1.68200508084,0.594528525147
rights and,1.05548020743,0.947436051341
rights women,1.15232792503,0.867808527662
rise,1.40027704073,0.714144394942
rising,2.55377593017,0.391577032342
rising incomes,1.05548488527,0.947431852374
risk,2.11575970565,0.472643465763
rubio,0.77277667892,1.2940349098
run,0.586547278392,1.70489240482
s a,0.62886070719,1.59017726591
s going,0.724097818756,1.38102888049
s going to,0.567687908204,1.76153126665
s health insurance,1.07299750683,0.931968614684
s lives,1.08081287889,0.925229537446
s right,1.05417413139,0.948609883528
s right to,1.70088564322,0.587929002746
s rights,1.53416575199,0.651820051845
s why,1.33660146464,0.748166171034
safe,0.573661794136,1.74318738013
safe and,4.21251958849,0.237387620163
safety,1.32062979793,0.757214475674
safety reform,1.08386670268,0.922622678163
said,1.43768919578,0.69556062808
said i,0.995520898311,1.00449925431
same,1.18553924405,0.84349801579
say,0.90221512166,1.1083831073
say it,0.444183331132,2.25132266322
say you,1.02100781156,0.979424436008
saying,0.835169347522,1.19736195176
school,2.24908923424,0.444624421645
schools,2.77279566591,0.360646841848
second amendment,0.413944898797,2.41578046476
secretary,1.111245071,0.89989150557
secretary of,0.681347712823,1.46767939656
secretary of state,1.18647521409,0.842832608826
security,0.801014373273,1.24841704889
seen,0.820704157167,1.21846586406
sen,3.21936019654,0.310620725532
sen clinton,3.18453503698,0.314017584478
sen clinton and,1.58426722163,0.631206646419
senate,0.888670055866,1.12527702875
senator,3.14621064849,0.317842672257
senator from,2.22377805689,0.449685163905
senator from new,2.14616425229,0.465947561532
senator sanders,4.85844165975,0.205827314607
sense,1.22844561025,0.8140368541
sense gun safety,1.06168018998,0.941903229842
serious,2.07306500332,0.482377541659
serve,1.87698678192,0.532768802439
service,2.99708716381,0.333657296349
serving,2.83043707317,0.353302325453
set,1.90644872143,0.524535482522
share,2.23885645999,0.44665659361
share of,1.66529979112,0.600492479092
sharing,4.71404522493,0.21213203359
she,0.539410628623,1.85387522406
she s,0.447937084802,2.23245637374
should,1.45139918422,0.688990328003
should be,1.13220913637,0.883229050073
should be able,1.1179737952,0.894475348429
since the great,2.21442031776,0.451585451949
single day,2.36017153335,0.423698017652
skills,2.92945929721,0.341359922956
small,2.10259739297,0.475602225773
small business,3.87282626071,0.258209362539
small businesses,2.30809731432,0.433257295433
smart,0.444996848139,2.24720692783
so grateful,0.869567004875,1.14999763606
so hard,1.02697022426,0.973738065994
so many of,2.83560690396,0.352658190599
so more,1.2727063326,0.785727213252
so strong,0.313045832105,3.19442042488
so that,1.02641479437,0.974264990609
solar,3.45062758752,0.289802354684
solutions,2.96011974337,0.337824171552
some,1.33813628824,0.747308034904
somebody,0.534085889657,1.87235802212
someone,2.01742008875,0.49568258271
south korea,0.336830535993,2.968851969
stacked,2.7545421967,0.363036732999
stake,2.60015080111,0.384593078052
stake in,1.16208364695,0.860523252883
stand,2.48679703562,0.402123689901
stand in,0.965511228219,1.0357207361
stand up,0.788345349386,1.26847960831
stand up for,0.742772436999,1.3463073617
stand up to,1.33245733561,0.750493072668
stand with,1.53624388618,0.650938310638
standing up,2.33326561498,0.428583866997
start,1.53458993077,0.651639881086
state,1.29691680745,0.771059480651
state and,1.6530514295,0.604941856107
statement,0.340768961234,2.93453956716
stay,0.981386771032,1.01896625216
stay ahead,1.28182591669,0.780137136391
still,2.39452614827,0.417619160568
strategy,3.93516315319,0.2541190698
street,0.875833722557,1.1417692357
strengthen,2.41735537676,0.413675212843
struggling,3.35237271815,0.29829618723
student,3.75293455841,0.266458150132
student debt,2.05328839988,0.487023644638
students,3.02652003519,0.330412483106
stuff,0.279248421016,3.58104083941
stupid,0.179425178412,5.57335380045
substance,2.02473992741,0.493890591311
succeed,1.81734393427,0.550253576739
superpower,0.986394089517,1.01379358476
support,1.85467880111,0.539176918074
supposed to,0.443264821956,2.25598773119
sure,1.80685241096,0.553448634727
sure that,0.973954433485,1.02674207912
sure that we,0.773622668722,1.29261982673
sure we,2.23035858979,0.448358396079
systemic,2.74551590811,0.364230269818
t,0.727183576212,1.37516857189
t do,0.679445484296,1.47178842617
t even,0.723367992749,1.38242223878
t have,0.593960047559,1.68361492344
t know,1.17646232244,0.850005972081
t know if,0.457601781377,2.18530617821
t know what,1.0079825591,0.99208065752
t like,0.561554029961,1.78077254662
t say,0.533579667427,1.87413438151
t want,0.545720552522,1.83243968983
t want to,1.28940484857,0.775551605153
t win,0.497667069214,2.00937546778
tackle,2.83562074917,0.352656468709
take a look,0.526030110623,1.90103186073
take care,0.506295467379,1.97513125128
take care of,0.678760959476,1.47327271264
take on,3.41594027009,0.292745165586
take on the,1.48284971152,0.674377175401
talk to,2.28805808341,0.437051842018
talking about,0.624728730372,1.60069475179
talking to,3.57454372193,0.279755985041
tax,1.35405564775,0.738522084867
tax breaks,2.16073088152,0.462806362677
tax code,1.35014165715,0.740663022062
taxes on,0.930530125937,1.07465623318
taxes on the,1.25581485655,0.796295723678
taxpayers,2.37739917957,0.420627721501
teacher,3.36976423757,0.296756665897
teachers,4.5294305896,0.220778303193
teachers and,0.599496975438,1.66806512955
tech,1.90624945649,0.524590313507
technology,2.23207906481,0.448012803743
ted,0.399118388493,2.5055222431
ted cruz,1.97285159986,0.506880497283
television,0.203271443054,4.91953018573
term,0.834881105949,1.19777533936
terms,0.298609644105,3.34885366144
terms of,0.939103475615,1.06484538282
terrorist,3.01785761537,0.331360894864
terrorists,3.93999819275,0.253807223019
test,3.72722657594,0.268296004986
than anybody,0.338944479513,2.95033570523
than ever before,0.576810829084,1.73367064136
thank,1.24461269703,0.803462798018
thank you for,1.04811069632,0.954097695508
thanks,2.25885489288,0.442702186472
thanks to,2.48096833084,0.403068425974
that,1.24871299263,0.800824533661
that is,1.34929407547,0.741128281952
that is what,0.9939209911,1.00611618927
that is why,0.996297596782,1.00371616195
that my,1.70731092916,0.585716393495
that s,0.455500865177,2.19538551175
that s why,1.43913825601,0.694860271987
that the,1.59720038181,0.626095517749
that was,0.626485867979,1.59620519969
that we,1.06221595274,0.941428150668
that we can,1.30227083209,0.767889424658
that when,1.90778987086,0.52416674146
that will,0.860266116788,1.16243099721
the,0.795381081326,1.25725897118
the 1990,1.83243239067,0.545722726302
the 21st,1.60259315693,0.623988687132
the affordable,1.50844862094,0.662932754963
the affordable care,1.46117521884,0.684380618493
the auto,1.82181962417,0.548901761039
the barriers,2.27694222655,0.439185495504
the barriers that,1.20601467115,0.829177309297
the border,0.735255151857,1.36007207494
the challenges,0.807673642074,1.23812385091
the chance,2.45817295206,0.406806200989
the chance to,2.23224298954,0.447979903929
the children,0.866430426107,1.15416076106
the children s,2.28085287248,0.438432488157
the clean,1.28907323502,0.775751115481
the clean energy,1.2400491972,0.806419618075
the community,1.02210166552,0.978376255255
the cost,1.46841801301,0.681004993905
the credit he,1.26424517722,0.790985813528
the deal,0.375929717357,2.6600716938
the debt,1.72660758598,0.5791703964
the democratic,1.13099267924,0.884179021101
the democratic party,0.737317984818,1.3562669304
the economy,0.88052656088,1.13568408317
the end,0.527426611468,1.89599837827
the end of,1.98321934322,0.50423066083
the families,1.86721230401,0.535557739124
the federal,1.96254633367,0.509542110087
the federal government,1.01588670434,0.984361736134
the financial,4.7419612502,0.210883207862
the future,2.08979695988,0.478515386517
the granddaughter,1.11745064421,0.894894110253
the granddaughter of,1.11150445511,0.899681504112
the great depression,2.28687086244,0.437278735947
the great recession,1.77526808334,0.5632952056
the greatest,1.26462481913,0.79074835862
the ground,0.974733362258,1.02592158914
the gun,3.92430008577,0.254822510548
the guy,0.655369289216,1.52585727841
the hard,1.86858486099,0.535164348635
the health,0.998704098946,1.00129758259
the hell,0.912027061134,1.09645869362
the history,1.30766192504,0.764723649783
the history of,0.756596869379,1.32170782153
the issues,0.958120172974,1.0437104115
the lgbt,1.19507544506,0.83676725527
the lgbt community,1.05733085706,0.945777750954
the lives,1.61634176336,0.618681038052
the media,0.343756067096,2.90903956532
the middle class,1.0259798676,0.974677994747
the minimum,1.32065277077,0.757201303877
the minimum wage,1.56539090204,0.638818073299
the money,0.852312794009,1.1732781756
the mortgage,1.2961225466,0.771531984086
the oil,0.394583926948,2.53431508915
the one,0.759283662677,1.31703083993
the opportunities,1.73117678984,0.57764175552
the other day,0.707934476923,1.41256010633
the past,0.494819935556,2.02093716955
the people,0.468095706704,2.13631525707
the people that,1.82041163808,0.5493263057
the place,0.461806687074,2.16540822814
the politicians,0.54904777705,1.821335122
the press,0.331580454118,3.01585931131
the progress,1.46949718696,0.680504875324
the progress we,1.32355967991,0.755538276948
the promise,1.62050531352,0.617091466258
the promise of,1.36566030443,0.732246516029
the republican party,0.522809021592,1.91274434583
the republicans,1.05884701835,0.944423493354
the resources,1.87038325988,0.534649780851
the rest,1.07557592197,0.929734460932
the same,1.70925430744,0.585050448985
the senate,1.94293598475,0.514684996237
the supreme court,2.80972495946,0.355906721984
the tax,4.46769361733,0.223829135489
the things,0.684165432548,1.46163479244
the top,1.1193116667,0.893406215404
the vets,0.492567315448,2.03017936562
the wall,0.399298450407,2.50439238865
the way,1.58683518072,0.630185171182
the way of,2.35415087143,0.424781611127
the wealthy,3.05644750107,0.327177221153
the work,1.33602693388,0.748487904429
the worst financial,1.06050881228,0.942943602558
their,1.10192047681,0.90750650437
their fair,0.721153196588,1.38666791568
their families,0.676323734129,1.47858185295
their own,1.8655210266,0.536043274636
themselves,2.02439247411,0.493975359418
there,1.22522398898,0.816177294109
there are,1.09519443721,0.913079875153
there are a,3.75145620536,0.266563154482
there is,1.16055900567,0.861653733344
these,0.517926972741,1.93077412962
these guys,0.487330240843,2.05199660557
these people,0.410674393017,2.43501912221
they,0.657458250124,1.52100912843
they are,1.04107199843,0.960548359293
they are all,0.437815949405,2.28406480248
they are doing,0.606271517711,1.64942599279
they are going,0.526992875444,1.89755886008
they deserve,0.999160871528,1.0008398332
they don,0.91182997788,1.09669568259
they don t,0.956113555254,1.04590087078
they have,0.785719551028,1.27271874385
they need,2.60817043587,0.383410526493
they need to,0.857815799909,1.16575143534
they re,0.42868446743,2.33271806183
they said,0.222220915663,4.50002645798
they say,0.545357350582,1.83366007432
they will,1.01794024449,0.982375935539
thing,0.429276094618,2.32950311591
things,0.788296156608,1.26855876642
think i,0.777959479625,1.28541399159
think we should,2.23001037178,0.448428407622
this campaign,4.41808728241,0.226342291602
this country,0.328897844969,3.04045774485
this election,2.52272119652,0.396397351153
this guy,0.990678442157,1.00940926687
this state,3.6758031051,0.27204939204
this was,0.366855327332,2.72587018777
those,1.3329306882,0.750226556306
those at,1.79831602164,0.556075788665
those of,1.49015847889,0.671069563515
those who,0.622052221642,1.60758207303
thought,0.811552004795,1.23220692462
threat,1.8091798335,0.552736649769
threats,1.33993262117,0.746306183016
thrilled,2.18569899814,0.457519539904
to,1.47723546181,0.676940153316
to all,1.50754128144,0.663331752376
to avoid,1.53405287865,0.651868011798
to be able,1.67258611225,0.59787654141
to be here,1.12484202639,0.889013725074
to be secretary,2.01835271063,0.495453542253
to be so,0.653472928409,1.53028527507
to borrow,2.30656576858,0.433544975661
to break,1.69546709028,0.589807968395
to break down,1.35863224122,0.736034351064
to build on,1.85174144782,0.540032195734
to buy,3.44170836071,0.29055338082
to citizenship,1.56566013129,0.638708222824
to college,2.1313010518,0.469196972036
to create,1.33818290567,0.747282001408
to create more,1.05591296058,0.94704775614
to deal,1.99919977333,0.500200136744
to defeat,0.941427797963,1.0622163507
to defeat isis,1.31907279419,0.758108274542
to defend,1.01211044394,0.988034464016
to do,0.786473136027,1.27149924669
to do everything,1.23288883986,0.81110313247
to do more,3.56121992778,0.280802651979
to do to,2.01468035799,0.49635665332
to figure,1.37730929215,0.726053331448
to figure out,2.24013049933,0.446402564626
to find,1.09290127846,0.914995727161
to find common,0.777553294663,1.28608547718
to get,1.30117152582,0.768538182824
to get ahead,1.39362914002,0.71755101216
to get back,1.96344158101,0.509309780171
to get the,0.809381948575,1.23551062852
to go,1.02704212076,0.973669900956
to go after,1.99224540279,0.501946195283
to go back,4.78698157063,0.208899905973
to go to,1.03503266049,0.966153086929
to happen,0.348458144382,2.86978512663
to help,1.11211486932,0.899187689678
to help people,1.35741569014,0.7366940041
to his or,1.22921394523,0.813528030562
to improve,1.84892028312,0.54085620085
to invest,1.75525517471,0.569717733587
to invest in,1.51175664308,0.661482127151
to keep,0.905569819672,1.10427708419
to know,0.938019925131,1.0660754353
to learn,0.981499204682,1.01884952655
to live,0.746170284461,1.34017666051
to live up,1.47688771415,0.677099545495
to make,0.903460539976,1.10685520369
to make college,1.35066905188,0.740373815929
to make her,1.04646136257,0.95560145436
to make it,1.39778857883,0.715415775423
to make sure,0.88161503559,1.13428192537
to mexico,0.828478334252,1.20703216808
to power,0.461324237672,2.1676727957
to prevent,1.78124548624,0.561404931394
to provide,1.119230963,0.893470635693
to raise,0.827607402733,1.20830238673
to raise the,0.995333225796,1.0046886551
to reach,1.55640297793,0.642507123269
to recognize,1.16677633968,0.857062288625
to refinance,1.31611186637,0.759813831602
to run,0.505836845765,1.97692202213
to school,2.96053332834,0.337776977691
to serve,1.52983948774,0.653663347045
to stand,1.2927789858,0.773527425016
to stand up,1.81239039385,0.551757504009
to succeed,1.59384923616,0.627411914071
to support,0.839299031125,1.19147045679
to tackle,1.96859232105,0.507977192284
to take on,2.3150923217,0.431948216763
to the,0.966049457714,1.03514368961
to the gun,1.3242062012,0.755169398158
to try,1.75284496537,0.570501110911
to try to,0.935127105686,1.06937334392
to win,0.623490195571,1.60387445882
to work,0.623131386286,1.60479799607
to work to,1.47273543466,0.679008582577
to work with,1.4679019201,0.681244425332
together,2.58008462413,0.387584186444
together to,1.7945075855,0.557255933649
together we,0.860390441854,1.16226302775
tomorrow,1.85100294703,0.540247654172
tomorrow where,1.39318903134,0.717777686664
too,1.46127113077,0.684335698519
too many,1.22334408198,0.817431509853
too often,1.62723615848,0.614538949855
top,1.02730677985,0.973419060028
total,0.363552470438,2.75063458871
totally,0.212515393496,4.70554148359
tough,0.548681675684,1.82255038635
toward,2.00739369079,0.498158385466
towards,1.24656618994,0.802203692088
trade,0.700123671412,1.42831908252
trade deals,1.4074587375,0.71050040286
trade deficit,0.477888464792,2.09253847639
training,3.52092387506,0.284016364876
treatment,0.860121754633,1.1626260987
tremendous,0.0803779728295,12.4412194635
trickle,2.24479957933,0.4454740678
trillion,0.463061922471,2.15953839319
troops,3.36407754138,0.297258308615
trump,0.809048499673,1.23601984356
trump is,0.876136765602,1.14137431422
trump s,3.43031915937,0.29151806393
trust,2.61737940768,0.382061537226
try,1.25447672005,0.797145123554
try to,2.26423559734,0.441650153887
trying,1.66888688591,0.599201784399
trying to,1.08511035851,0.921565251087
tuition,2.91240907282,0.343358359006
turnberry,0.278885818268,3.58569684974
turning,2.62587090734,0.38082603269
unaccountable,3.52731911659,0.283501426139
unaccountable money,3.30173287719,0.302871261
unbelievable,0.265322167028,3.76900283606
under,1.54418157933,0.647592234868
under the,1.76616630132,0.566198097684
unions,2.55110942336,0.391986322046
universal,2.46750394169,0.405267842982
universities,1.83221710199,0.545786849666
university,1.2020863686,0.831886980938
up every,1.97550800287,0.50619891114
up for,2.704687045,0.369728542846
us,1.33433072265,0.749439387872
us back,2.7421221682,0.36468105309
us safe,1.49087782827,0.67074577208
us to,0.601867152044,1.66149622322
values,0.888825096653,1.12508074284
ve,0.562166611297,1.77883207559
very,0.543129480114,1.84118159042
very clear,1.83105449602,0.546133390445
very very,0.270916045334,3.69118041262
vets,0.255266393005,3.91747612456
violence,1.03720883742,0.964125992688
voting,1.96806315199,0.50811377622
voting rights,2.14080064976,0.467114955384
wage,5.31692195702,0.188078743319
wages,0.985903248427,1.01429831132
wall and,1.08002133385,0.925907635947
wall street,4.83857354268,0.206672481296
want,0.797937149426,1.25323153674
want to make,1.1163841849,0.895748984554
want to thank,1.12319992005,0.890313453685
want us,1.61225430094,0.620249547119
want us to,2.07255583469,0.482496048243
want you,1.64773698858,0.606892973168
want you to,1.2568330233,0.795650640506
was,0.97427765623,1.02640145097
was going,0.586942057224,1.70374568953
was going to,1.13893436146,0.878013723912
was in the,3.56398859004,0.280584512193
was the,0.568376686917,1.75939658156
watch,0.515304758299,1.94059919668
watching,0.436537012969,2.29075650012
way i,0.662757276302,1.50884801383
way of,1.80077167963,0.555317484894
way the,0.981577586206,1.01876816876
way to,1.58431062859,0.631189352616
ways,2.94086911467,0.340035534057
ways to,1.41861811026,0.704911344896
we,0.794792446675,1.25819011515
we also,1.36664953834,0.73171648762
we also have,1.70173815495,0.587634470728
we are,0.834907529105,1.19773743216
we are going,1.6020063154,0.624217264555
we can,1.43415675643,0.697273847866
we can do,1.14984458518,0.86968274921
we can to,1.2622296527,0.792248857296
we do,1.72200455254,0.580718557641
we don,1.02767518877,0.973070101258
we face,0.971345761434,1.02949952499
we finally,3.10040427712,0.322538582268
we have got,1.59447584752,0.627165348133
we have made,1.47710802054,0.676998558056
we have people,0.477314781607,2.09505349202
we have to,1.10940050216,0.901387729728
we know,2.74317212169,0.364541470838
we need,1.33607665265,0.74846005131
we need a,0.957656610526,1.04421562908
we need more,2.11741538668,0.472273889333
we need to,1.46338404982,0.683347614815
we re,0.347963650093,2.87386340422
we re going,1.54555241737,0.64701784861
we saw,3.14117579995,0.318352127893
we should,1.24401381343,0.803849594921
we should be,1.3501325833,0.740667999844
we ve got,1.1429467951,0.874931365383
we won,0.382091856365,2.61717171759
we work,1.35345999909,0.738847103476
wealthy,1.87768924524,0.53256948802
weapons,1.65214405591,0.605274096059
weeks,0.905767926694,1.1040355598
weeks ago,1.35960385163,0.735508360616
well in,0.350759583712,2.85095560161
went to work,1.91068715231,0.523371918207
what,1.50621700812,0.663914956881
what i,1.48768942509,0.672183308647
what i want,0.983146780692,1.0171421192
what is going,1.16739687841,0.856606710614
what s,0.283279416087,3.53008352606
what s going,1.22884609263,0.813771558534
what we,1.00560580247,0.994425447372
what we can,2.64467325231,0.378118544182
what works,2.23778718554,0.446870018053
when i was,1.48011232809,0.675624397569
when it comes,1.3641838584,0.73303902098
where they,0.427203206227,2.34080640179
which is,0.435150330067,2.29805639776
white,2.71091174852,0.368879584718
white house,0.400170792517,2.49893300236
who,1.57555423444,0.634697288194
who are,1.74111806633,0.574343589522
who had,2.52555281907,0.395952914723
who has,1.20023308735,0.833171498551
who have,0.972311939059,1.02847652058
who were,1.93796118594,0.51600620655
why,0.994320950615,1.00571148519
why i,2.42607046746,0.4121891814
why i have,1.83219250129,0.545794177903
wife,0.475410643703,2.10344470248
will,0.690391791158,1.44845291153
will defend,3.77407228096,0.26496577849
will do,1.40609240648,0.711190811779
will do everything,0.807504230827,1.23838360447
will fight,1.55764338835,0.641995470517
will fight for,0.974631259586,1.02602906501
will help,1.88103124456,0.531623279991
will say,0.83241191244,1.20132831481
will stand,1.44334507126,0.692835012162
will work,0.497419441615,2.01037578417
win,0.436259247252,2.29221502191
winning,0.260205761704,3.84311244091
with,1.02393028742,0.976628987621
with china,0.49211203509,2.03205759806
with disabilities,1.88705493521,0.529926278956
with republicans,2.21462079485,0.451544572473
with rising,1.04640420133,0.955653655378
woman s,1.36685488143,0.731606561595
woman s right,1.05461802121,0.948210612646
women,2.02744443614,0.493231766146
women and,0.67780999888,1.4753396994
women in,2.75899376058,0.362450982778
women s,0.771744874051,1.29576500424
women s rights,1.84085396748,0.543226142685
women who,2.59182491338,0.38582853141
won,0.496615188145,2.01363152773
work,2.44059514686,0.409736125751
work and,0.790007327516,1.26581104399
work for,1.0425495836,0.959186992859
work hard,0.732610279233,1.36498221271
work hard and,1.08851693946,0.918681155754
work in,0.984168468003,1.01608620121
work in the,3.35385066494,0.298164736567
work that,1.7093236032,0.585026731116
work to,2.65261304495,0.376986760999
work to do,2.57965778688,0.387648317186
work together,0.732555216713,1.36508481161
work we,2.54602221558,0.392769550037
work with,1.00887324686,0.991204795159
worked,1.22479559949,0.816462763596
worked hard,3.15900454026,0.316555417143
worked with,2.02044881905,0.4949395355
workers,2.31852842982,0.43130806038
workers rights,1.17752739814,0.849237140109
working,1.5293209338,0.653884987709
working families,0.773426895649,1.29294702011
working people,0.994266993412,1.00576606347
working to,0.906957707339,1.10258724515
working with,2.32409864949,0.43027433462
works,0.987828294458,1.01232168142
world trade,0.372187855878,2.68681523109
would have,0.678083097608,1.47474550468
would say,0.522339681227,1.91446301313
would you,0.445532353151,2.24450591057
wouldn,0.690565532001,1.4480884922
years ago,0.746113409169,1.3402788205
yes,2.78801021349,0.358678743414
you,0.768045612651,1.30200600528
you are going,0.775426156979,1.28961344804
you can t,0.575761514764,1.73683022286
you cannot,0.325755560252,3.06978643504
you for,0.741263259556,1.34904838073
you had,0.399320273435,2.50425552251
you have,0.81761342816,1.22307188894
you have to,0.527802756706,1.89464717131
you imagine,0.335362937152,2.98184411341
you look,0.895759670411,1.11637086713
you look at,0.331198731348,3.01933523698
you re going,0.354817127394,2.81835323831
you should be,1.84914423902,0.540790695987
you to,1.21627256508,0.822184129375
you to know,2.90397287003,0.344355834147
you work hard,1.03595430979,0.965293537131
young,1.79130088318,0.558253506929
young man,2.65225478975,0.377037682753
young people,3.18003168246,0.314462275806
young people to,1.5947733017,0.627048370406
young people who,1.49423738368,0.669237706756
young person,2.90552535286,0.344171837639
your,1.18201518181,0.846012822332
your help,2.26461426132,0.441576305987
your part,2.0031109769,0.499223463667
zip,1.17473953851,0.851252526382
